d48b1d9,ClaireAdjedomole,2025-02-24,fin
fbfa963,ClaireAdjedomole,2025-02-23,ajout des dèrnières modifications avant le merge
5e4dc05,ClaireAdjedomole,2025-02-23,fin
0c29f11,ClaireAdjedomole,2025-02-21,connexion and add volontariat_controller.py
e5d8a4b,Ibtissem-01,2025-01-19,Documentation projet
86b4278,Nene Mariama Barry,2025-01-19,wire frame and doc added
1133434,ClaireAdjedomole,2025-01-19,resolution conflits merge
3c46424,ClaireAdjedomole,2025-01-19,Résolution du conflit : prendre les deux versions
24a1531,ClaireAdjedomole,2025-01-19,Mise à jour du fichier .gitignore
9502936,ClaireAdjedomole,2025-01-19,Update README.md
a192842,Ibtissem-01,2025-01-19,maj de la documentation
d971447,Ibtissem-01,2025-01-19,Merge branch 'classement_utilisateurs' into develop
c1a8708,Ibtissem-01,2025-01-19,gestion de la prise en charge d'un signalement;
c8b3a67,ClaireAdjedomole,2025-01-19,add les modifications ou les mises à jour à mdoc
2187a83,ClaireAdjedomole,2025-01-18,add modification
cdbb83e,Ibtissem-01,2025-01-16,correction sur l'ajout du score avec completion du defis
14bbee5,Ibtissem-01,2025-01-16,ajout d'une table de score d'utilisateurs; Mise à jour du score des utilisateurs après completion d'un challenge; correction du chemin des photos; ajout de la route dans l'API
87f4e9e,Ibtissem-01,2025-01-12,corrections et gestion de l'authentification avec ajout d'un middleware. gestion de la déconnexion.
ce3d2a4,Ibtissem-01,2024-12-29,Merge branch 'develop' of https://github.com/CleanUp-Heroes/BackendPython into develop
671a74c,ClaireAdjedomole,2024-12-21,Update README.md
87b2c1a,Ibtissem-01,2024-12-21,Merge branch 'develop'
347a945,Ibtissem-01,2024-12-21,add files to ignore
18f5c03,Ibtissem-01,2024-12-21,remove files of doc
b1710f2,Ibtissem-01,2024-12-21,documentation ascii updated
d824d1d,Ibtissem-01,2024-12-21,Merge branch 'develop' of https://github.com/CleanUp-Heroes/BackendPython into develop
7dbf611,ClaireAdjedomole,2024-12-21,documentation feature 1
ee22995,ClaireAdjedomole,2024-12-21,documentation feature 1
4c6ef45,ClaireAdjedomole,2024-12-21,documentation feature 1
cd0bd0b,ClaireAdjedomole,2024-12-21,documentation feature 1
69e5038,ClaireAdjedomole,2024-12-21,documentation feature 1
a0613d5,ClaireAdjedomole,2024-12-21,Merge branch 'develop' of https://github.com/CleanUp-Heroes/BackendPython into develop
43fa339,ClaireAdjedomole,2024-12-20, add des wireframes à la documentation + correction des images du diagramme de séquence
9dd0adb,Ibtissem-01,2024-12-20,readme update
316fbb5,Ibtissem-01,2024-12-20,Merge branch 'develop' of https://github.com/CleanUp-Heroes/BackendPython into develop
b15bd11,Ibtissem-01,2024-12-20,correction asciidoc and maj files docs
1f1f34e,ClaireAdjedomole,2024-12-20,Update README.md
de0d1ae,ClaireAdjedomole,2024-12-20,Update README.md
ec97881,ClaireAdjedomole,2024-12-20,Update README.md
904af4a,ClaireAdjedomole,2024-12-20,Update README.md
19dae5f,ClaireAdjedomole,2024-12-20,asciidoc
443705e,ClaireAdjedomole,2024-12-20,asciidoc
90f11fb,ClaireAdjedomole,2024-12-20,asciidoc
0251989,Ibtissem-01,2024-12-20,correction on requirements and readme
6ea6180,ClaireAdjedomole,2024-12-20,Update README.md
131f343,ClaireAdjedomole,2024-12-20,Update README.md
ea5c92b,ClaireAdjedomole,2024-12-20,Update README.md
1efd2d2,ClaireAdjedomole,2024-12-20,Update README.md
7eb605f,ClaireAdjedomole,2024-12-20,Update README.md
f052d1f,ClaireAdjedomole,2024-12-20,Update README.md
2e955ab,ClaireAdjedomole,2024-12-20,Update README.md
dc47099,Ibtissem-01,2024-12-20,amélioration de la documentation asciidoc
d3d7b3b,Ibtissem-01,2024-12-20,amélioration de la documentation asciidoc
c002745,ClaireAdjedomole,2024-12-20,Update README.md
aed6da0,Ibtissem-01,2024-12-20,ajout d'une librairie asciidoc et correction des livrairies déjà présente
54bc67f,ClaireAdjedomole,2024-12-20,Update README.md
35251e1,ClaireAdjedomole,2024-12-20,Update README.md
99ff6b3,ClaireAdjedomole,2024-12-20,Update README.md
2d76e70,ClaireAdjedomole,2024-12-20,Update README.md
9ba9a19,ClaireAdjedomole,2024-12-20,Update README.md
04c85d9,ClaireAdjedomole,2024-12-20,Update README.md
3fa4479,ClaireAdjedomole,2024-12-20,Update README.md
19c447f,ClaireAdjedomole,2024-12-20,Update README.md
3ec2ea2,ClaireAdjedomole,2024-12-20,Update README.md
15c9889,ClaireAdjedomole,2024-12-20,Update README.md
cb0d2f6,ClaireAdjedomole,2024-12-20,Update README.md
096accb,Ibtissem-01,2024-12-20,Merge branch 'participation_challenge' into develop
05bf2c3,Ibtissem-01,2024-12-20,correction on the statistics sent and the participation of a challenge
858a628,Ibtissem-01,2024-12-20,Merge branch 'reporting' into develop
d263dc0,Ibtissem-01,2024-12-20,correction of error in get_reports : photo was sent on a NoneType
d93c370,Ibtissem-01,2024-12-20,update name of location field
686afcf,Ibtissem-01,2024-12-20,remove a required field
067e33e,Ibtissem-01,2024-12-20,add fields to methods get_unparticipated_challenges
6ccf818,Ibtissem-01,2024-12-19,update cors settings
ed5b050,Ibtissem-01,2024-12-19,add defaults tables of django in models.py
b91b509,Ibtissem-01,2024-12-19,improvement of the login and register methods; creation of a token when user logs in a session
a249dd9,Ibtissem-01,2024-12-19,check tokens in methods
ce225a1,Ibtissem-01,2024-12-19,add and management of  jwt tokens
2d61df8,Ibtissem-01,2024-12-18,Merge branch 'participation_challenge' into develop
a394ea0,Ibtissem-01,2024-12-18,gestion validation de la completion d'un defi après une participation
0df8f4b,Ibtissem-01,2024-12-18,add corsheaders for the request,
0ce83d0,Ibtissem-01,2024-12-18,add points to database and statistics sent to the front
039d196,Ibtissem-01,2024-12-18,update Date fields, update User table; add register and login methods in user_controller
6e14421,Ibtissem-01,2024-12-18,Merge branch 'participation_challenge' into develop
44da9c1,Ibtissem-01,2024-12-18,replace name by first_name, remove one required fields for add_participation
8201079,Ibtissem-01,2024-12-18,update LICENCE link in the readme
ef1dbb3,Ibtissem-01,2024-12-18,Merge branch 'participation_challenge' into develop
381058a,Ibtissem-01,2024-12-18,update fields expected
0eb6ca5,Ibtissem-01,2024-12-18,Merge branch 'reporting' into develop
e3608ca,Ibtissem-01,2024-12-18,correction to views.py
f564fe2,Ibtissem-01,2024-12-18,Forcing new analysis
bae3470,Ibtissem-01,2024-12-18,Forcing new analysis
5937b41,Ibtissem-01,2024-12-13,remove unused hello_controller
e4eefc4,Ibtissem-01,2024-12-13,Merge branch 'reporting' into develop
c42e2b4,Ibtissem-01,2024-12-13,Merge branch 'participation_challenge' into develop
f62dbf2,Ibtissem-01,2024-12-13,add elements in gitignore
482e94f,Ibtissem-01,2024-12-13,add default to timezone attribut in models.py; add methods add_report et get_reports and their routes
0efd5db,Ibtissem-01,2024-12-13,Merge branch 'participation_challenge' of https://github.com/CleanUp-Heroes/BackendPython into participation_challenge
e41cc6d,Ibtissem-01,2024-12-13,add utils file containing methods used in multiple controllers; add id_proof in the creation of a participation
dbf9c81,Ibtissem-01,2024-12-13,Fusion file app/models.py from participation_challenge branch
7afcdca,Ibtissem Rahim,2024-12-13,Update README.md
1baa6f4,Ibtissem-01,2024-12-13,update model, add proof table; add add_participation method; update method of the previous ones; add media url in the settings; add url of the new method: ignore the media folder;
8ba949e,Ibtissem-01,2024-12-12,add methods to get the user's statistics and challenges available for him in challenge_controller file. Update the database model, the readme, settings and requirements files. Remove challenges folder to implement it in app/
c2ff62d,Ibtissem-01,2024-12-11,Merge branch 'develop' of https://github.com/CleanUp-Heroes/BackendPython into develop
88c0629,Ibtissem-01,2024-12-11,configuration of the database in settings.py and add file requirements.txt
d3c1402,ClaireAdjedomole,2024-12-10,pesonne 2 proposition 1
fb3e9f2,ClaireAdjedomole,2024-12-09,mise en place de l'API pour les méthodes Get et Post (je pense que après il faut que je déplace l'app challenges dans APP/fr/parinanterre/cleanupheroes
fdd7540,ClaireAdjedomole,2024-12-09,j'ai cré l'app challenges/ je l'ai ajouté dans setting qui se trouve dans l'app Backend
bca8c6e,Ibtissem-01,2024-12-07,Merge branch 'main' of https://github.com/CleanUp-Heroes/BackendPython
79f1676,Ibtissem-01,2024-12-07,swagger documentation added
f2b7e62,Ibtissem Rahim,2024-12-07,Update static.yml
0a02641,Ibtissem Rahim,2024-12-07,Create static.yml
3cf44bf,Ibtissem-01,2024-12-07,remove static.yml to configure the page in github.com
32449ae,Ibtissem-01,2024-12-07,add badges
8bb3a1a,Ibtissem-01,2024-12-07,correction added to sonar.yml
d6df940,Ibtissem-01,2024-12-07,correction on sonar.yml
471dba2,Ibtissem-01,2024-12-07,add python version
0a0747d,Ibtissem-01,2024-12-07,add static page; configuration of sonarcube and java CI; add hello api; add asciidoctor; documentations
e0734d2,Ibtissem Rahim,2024-12-06,Initial commit